,month,day,temp_dailyMin,MinTemp,temp_dailyMean,MaxTemp,temp_7h,temp_14h,temp_19h,hum_dailyMean,hum_7h,hum_14h,hum_19h,sun_hours,skyCover_7h,skyCover_14h,skyCover_19h,wind_degrees,wind_mSec,Precip,year
0,1,1,-4.3,-6.4,-1.8,0.8,-2.8,0.6,-0.9,90,88,89,94,0.1,10,10,9,329,6.4,0.4,2016
1,1,2,-4,-2.1,-1.1,1.9,-1.1,-3.4,-3.9,92,96,92,89,0,10,10,10,135,13.6,0,2016
2,1,3,-6.2,-5.5,-5,-3.8,-5.8,-5.2,-5.2,76,79,75,73,0,10,10,10,150,13.8,0,2016
3,1,4,-7.7,-6.1,-6.3,-4.8,-6,-6.5,-7.7,86,82,86,90,0,9,10,10,145,15.1,4.6,2016
4,1,5,-7.7,-8.7,-6.6,-5.4,-7.1,-6.4,-6.1,91,89,91,92,0.5,8,10,10,178,6.3,2.6,2016
5,1,6,-6.1,-5.5,-4,-1.9,-3.9,-2.3,-2.1,97,98,96,96,0,10,10,10,181,7.6,0,2016
6,1,7,-4.5,-8.6,-1.8,0.9,-2.3,0.6,0.3,91,93,88,92,0,7,10,10,27,5,0,2016
7,1,8,-2.9,-6.8,3.1,9,-2.6,8.9,3.7,76,98,56,74,6.7,6,1,9,272,14.7,0,2016
8,1,9,-0.8,-3.3,1.5,3.7,0.8,,1.1,100,100,100,100,0,10,10,10,122,5.1,4.7,2016
9,1,10,0.8,-0.2,2.2,3.6,,3.5,1.3,98,100,94,100,0,10,10,10,150,5.8,4.7,2016
10,1,11,1,1,4.3,7.6,,3.4,7.5,93,100,96,82,0,10,10,10,285,15.8,1.1,2016
11,1,12,5.7,4.8,8,10.3,6.6,9.6,6,67,69,58,73,5.4,7,6,7,271,20.2,0,2016
12,1,13,4.4,2.5,6.1,7.7,4.8,6.1,5.3,72,72,69,74,4.7,3,7,3,279,25.3,0.2,2016
13,1,14,2.7,1.4,5,7.3,4.1,6.6,3,61,63,46,73,7.5,9,1,1,285,17.8,0.2,2016
14,1,15,0.2,-2.3,3.2,6.1,3.2,5.1,1.8,67,68,58,76,1.3,10,4,2,294,15.7,0.2,2016
15,1,16,0.6,-0.3,1.3,2,1,1.5,0.6,71,84,60,69,2.9,10,9,9,272,12.5,0.2,2016
16,1,17,-2.7,-3.4,-1.1,0.6,-0.7,-0.2,-2.7,67,80,56,64,3.5,9,3,6,351,12.2,0,2016
17,1,18,-5.8,-8.2,-3.1,-0.4,-5.7,,-4.5,68,82,54,68,7.6,2,3,1,354,9.3,0,2016
18,1,19,-6.8,-9.2,-4.8,-2.7,-6.3,-3.1,-3.6,76,82,71,75,3.5,3,8,9,69,4.4,0,2016
19,1,20,-7.3,-10.7,-3.3,0.7,-5.4,0.5,0,64,81,58,54,4.2,0,9,9,267,15.9,1.2,2016
20,1,21,-3.5,-2.4,-1.5,0.6,-1.6,-0.8,-3.5,65,68,61,66,2.3,9,8,4,264,18,1.2,2016
21,1,22,-9.6,-14.2,-5.5,-1.4,-9.6,-1.6,-4.2,74,90,59,72,8.5,2,0,0,151,6.2,0,2016
22,1,23,-7.1,-11.4,-5.2,-3.3,-6.5,-3.9,-3.3,89,85,88,94,0.2,7,10,10,271,11,8.5,2016
23,1,24,-3.3,-2.2,2.1,7.5,4.6,6.4,4,72,71,66,78,3,9,9,7,300,14,3.5,2016
24,1,25,0.8,-1.9,4.5,8.1,4.2,7.1,7.9,88,88,90,87,0,10,10,10,275,12.8,3.5,2016
25,1,26,5.2,1.2,8.9,12.6,9.8,12.6,5.2,68,63,53,87,2.8,7,9,0,281,17.3,0,2016
26,1,27,-0.8,-3,7.3,15.3,-0.2,15.1,12.5,68,98,51,55,2.9,8,9,8,261,12.1,0,2016
27,1,28,4.5,2.4,10.5,16.4,4.9,15.1,8.9,67,85,45,72,1.8,9,8,9,270,19.6,5.9,2016
28,1,29,5.2,4.8,8.1,11,5.4,11,7.6,81,96,66,81,3.7,10,5,0,282,16.4,5.9,2016
29,1,30,0.9,-2,5,9,1.1,4,2.6,95,98,90,98,5.8,1,9,10,168,5.5,0,2016
30,1,31,1.7,1.1,5.8,9.8,6.2,6.7,5,74,73,68,81,2,9,9,9,260,25.5,7.5,2016
31,2,1,4.5,3.1,9.1,13.7,7.4,13.3,12.9,84,95,88,70,1.4,10,9,1,277,16.3,6.4,2016
32,2,2,8.1,9.1,11,13.8,10.5,12.2,,72,69,64,82,0,9,9,2,284,17.6,0,2016
33,2,3,2.6,2,7.2,11.8,10.6,4.3,3.8,82,65,91,90,0,7,10,10,279,14.9,9.2,2016
34,2,4,2.5,1.3,4.6,6.7,2.6,6.5,40,68,74,58,72,5,8,9,9,289,18.6,1.3,2016
35,2,5,2.6,1.5,4.6,6.6,3.5,6.3,3.6,68,79,49,76,1.4,9,9,1,305,11.6,1.3,2016
36,2,6,0.6,-2.4,5.1,9.5,0.6,9.5,6.1,77,95,61,74,9,1,6,0,129,8.9,0,2016
37,2,7,2.8,0.6,8.4,14,3.1,13.9,,64,86,46,61,8.2,6,7,8,152,10,0,2016
38,2,8,6.9,4,9.3,11.7,8.1,10.9,11,68,68,67,69,2.5,9,8,9,268,12,0.5,2016
39,2,9,6.9,2.9,10.1,13.3,7.2,11.7,11.9,69,81,66,61,3.1,9,9,5,298,17.3,1.5,2016
40,2,10,3.3,3.7,7.6,11.9,4.6,4.7,4.4,76,87,77,64,0.1,10,10,9,269,18.4,4.9,2016
41,2,11,3.3,1.9,5.4,7.4,3.3,7.1,3.4,68,74,58,72,6.1,5,3,0,274,21.3,0,2016
42,2,12,-1.1,-4.4,2.2,5.5,-0.8,4.5,3.8,81,91,71,80,3.6,7,9,4,165,11.8,0,2016
43,2,13,2.5,1.8,5.2,7.8,2.8,7.7,5,73,83,60,76,5.2,10,2,8,150,8.3,0,2016
44,2,14,1.6,-1.2,5.2,8.7,1.9,6.8,7.9,90,97,81,93,0.2,10,10,10,275,10.3,6.8,2016
45,2,15,5.3,3.2,6.8,8.3,5.9,8,7.4,76,83,71,73,0,10,10,9,293,11.4,4.2,2016
46,2,16,4.3,3.9,6.1,7.8,4.4,7.1,4.9,71,73,66,74,1.6,10,9,8,338,9.7,0,2016
47,2,17,2.8,2.4,4,5.1,3.1,4.6,4.7,88,84,88,91,0,10,10,10,147,12.3,0.5,2016
48,2,18,3.8,4.1,4.4,5,4.5,5,4,93,94,91,94,0,10,10,10,285,13.4,13.2,2016
49,2,19,2.4,2,4.5,6.6,2.6,5.5,5.7,82,91,78,76,0,10,10,10,285,15.3,10,2016
50,2,20,3.2,1.1,6.5,9.8,3.8,9.5,7.6,53,72,36,51,7.6,10,8,9,259,15.2,9.1,2016
51,2,21,5.3,4.3,9.6,13.9,9.7,13.6,13.9,76,85,72,72,0,10,10,9,269,20,9.1,2016
52,2,22,13.2,10.9,16.5,19.7,13.4,18.7,14.2,48,52,37,56,6,9,2,9,270,21.1,0.1,2016
53,2,23,10.9,8.2,13.7,16.5,12.8,13.8,11,59,56,52,70,0.1,10,10,10,280,19.3,4.8,2016
54,2,24,2.2,0.5,6.6,11,,9,3.3,61,73,36,75,7.2,4,5,0,314,15.4,4.6,2016
55,2,25,-0.3,-3.5,3.1,6.5,2.4,4,3.5,73,73,71,76,0,10,10,9,293,9,0,2016
56,2,26,0.2,-3,3.5,6.8,0.3,6.3,3,58,72,45,58,6.3,4,6,7,305,8.1,0,2016
57,2,27,-0.3,-2,3.9,8,-0.1,7.4,,64,76,47,69,7,7,8,7,147,16.4,0,2016
58,2,28,4.2,2.6,7.3,10.4,4.6,10.3,8.5,79,86,68,82,0,10,10,10,160,11.2,0.2,2016
59,2,29,6.5,5.7,7.5,8.5,6.6,7.8,8.1,92,90,94,92,0,10,10,10,288,8.7,9.3,2016
60,3,1,1.9,1.9,5,8.1,2.4,3,2.5,79,89,74,74,0,10,10,9,285,20.8,1,2016
61,3,2,1,-2.1,5,8.9,1.7,8,7.1,74,82,64,77,2.1,8,10,9,298,15.9,1.1,2016
62,3,3,3.8,2.9,5.8,7.7,3.8,4.9,3.8,86,88,85,84,0,10,10,10,281,15.1,4.9,2016
63,3,4,2.1,1.2,5.4,8.6,2.9,8.3,4.5,68,77,48,78,6.2,10,4,0,303,17.9,3.6,2016
64,3,5,1,-1.8,7,13,1.4,,10.1,66,89,50,58,3.7,10,9,9,165,13.5,0,2016
65,3,6,5.6,5.2,8.5,11.3,5.7,10.9,,57,72,45,53,3.5,9,5,10,272,18.6,0.1,2016
66,3,7,3.1,2.9,5.2,7.2,4.4,3.8,3.6,81,70,88,84,0.1,10,10,8,300,7.5,2.6,2016
67,3,8,1.8,1.3,4.1,6.3,2.3,5.6,4,82,92,77,77,0.1,10,10,8,302,8.8,1.2,2016
68,3,9,0.2,-3,3.4,6.5,0.7,5.8,4.4,78,82,70,82,6.1,3,5,4,315,6.6,0,2016
69,3,10,-0.4,-3.8,4.5,9.4,0.2,7.2,7.1,82,96,76,73,9.8,1,7,2,348,12.5,0,2016
70,3,11,5.8,5.5,6.8,7.7,5.8,7.4,6.5,77,78,73,80,0,10,10,10,296,13.7,0,2016
71,3,12,5,4.8,6.5,7.9,5.1,7.9,6.5,72,75,67,75,0,9,10,10,338,11.7,0,2016
72,3,13,4.6,4.1,5.6,6.5,5,6.2,5.6,78,82,78,74,0,10,10,10,16,12.7,0,2016
73,3,14,1.1,-0.5,5.6,10.1,1.8,9.5,6.1,59,72,46,58,10.6,1,1,1,358,11.1,1.7,2016
74,3,15,1.3,-1.4,3.7,6.1,1.5,40,3.3,78,93,66,74,0.1,10,9,10,301,11.9,7.1,2016
75,3,16,0.9,0.2,4.4,7.8,1.4,6.5,5.5,79,96,65,77,0.4,10,9,8,119,9.6,2.5,2016
76,3,17,-0.9,-3.9,5.5,11.9,0.3,11.5,7.6,71,97,53,63,10.5,0,4,0,138,10.3,0,2016
77,3,18,0.2,-4,7.7,15.2,40,14.1,11.2,58,80,44,49,11,0,3,3,275,12.1,0,2016
78,3,19,3.3,1,7.3,11.2,3.5,8.4,7.3,70,80,62,67,0.9,9,8,10,331,10.5,0,2016
79,3,20,5.4,4.4,9.2,12.9,6,12.2,8.2,64,77,51,64,4.8,10,2,3,258,9.7,0,2016
80,3,21,5.3,1.5,9,12.7,6,10.9,,57,68,48,56,3.9,8,9,1,273,10.7,0,2016
81,3,22,6.2,3.8,8.9,11.6,40,10.1,7,64,68,53,70,1.8,9,8,9,292,12.2,0.1,2016
82,3,23,2.9,-0.7,7.2,11.4,4.5,10.8,8.3,59,76,43,57,4.9,2,8,10,349,10.1,0.6,2016
83,3,24,3.8,2.7,7.3,10.8,4.9,9.8,7.2,62,76,52,59,3.2,7,8,7,339,15.2,0.6,2016
84,3,25,4.6,2.2,8.6,12.6,5.3,12.4,,61,74,45,65,2.2,10,9,10,253,10.2,0.9,2016
85,3,26,5.6,4.8,7.7,9.7,6.1,8.4,8.2,78,85,76,74,0.8,10,10,8,311,11.2,0.9,2016
86,3,27,1.5,-1.9,8.3,15.1,3.9,14.4,11.3,63,89,47,54,11.5,0,4,9,133,12.2,0,2016
87,3,28,3.4,-0.5,9.7,16,4.7,63.2,13,64,84,48,61,8.7,9,1,9,136,11.1,0,2016
88,3,29,6.5,3.5,12,17.5,9.5,17,54.4,54,75,38,50,8.6,5,4,7,275,18.8,0.1,2016
89,3,30,9.2,5.4,12.8,16.4,10.2,16.2,13.7,66,72,56,70,2.6,9,10,7,249,9.6,0.1,2016
90,3,31,8.8,5.3,15.9,22.9,41.2,21.7,19.1,57,80,43,47,11.2,8,8,9,132,8.5,0,2016
91,4,1,7.9,6.1,13.6,19.3,10.9,12,8.1,70,80,69,61,0,9,10,10,32,12.7,0,2016
92,4,2,3.5,0.8,9.2,14.9,3.7,14.4,12.2,54,78,41,44,9.4,6,5,7,124,14.8,0,2016
93,4,3,7.1,1.9,14.1,21.1,9,19.5,18,49,54,44,48,10.6,1,9,9,132,9.8,0,2016
94,4,4,7.4,2.3,14.8,22.1,10.4,21.1,18.6,57,79,39,52,9.6,5,9,9,64,5.1,0,2016
95,4,5,9,4.3,16.4,23.7,11.7,22,18.3,59,75,43,58,11.1,1,1,6,106,5.2,0,2016
96,4,6,12.6,7.7,15.8,18.9,15.2,17.3,14.7,60,65,54,61,6.6,3,9,8,282,17.1,0.3,2016
97,4,7,10.2,6.5,14.1,17.9,12.3,17.1,14.5,62,81,49,55,4.1,5,9,10,357,7,0.3,2016
98,4,8,8.4,9.6,11.5,14.6,10.9,9,8.5,84,72,87,92,0,10,10,10,305,12.3,13,2016
99,4,9,7.5,6.9,8.4,9.2,7.6,8.8,8.4,82,89,77,80,0,10,10,10,320,13,1.7,2016
100,4,10,7.6,6.9,9.5,11.4,8,10.7,9.2,71,77,65,72,0.5,9,9,5,310,14,0,2016
101,4,11,5.5,1.9,9,12.5,7.3,12.2,10.8,76,79,69,79,0.9,9,6,9,305,8,0,2016
102,4,12,9.4,7.6,12.9,16.3,9.7,60.8,13.4,73,90,63,67,2.1,10,9,1,287,9.2,0,2016
103,4,13,6.4,1.6,13.3,20.2,9.3,19.9,16.4,71,90,54,70,10,0,1,8,278,16.9,14.3,2016
104,4,14,10.2,8,13.3,16.4,11.5,14,12.4,69,80,65,63,5.7,8,9,7,294,15.4,13.7,2016
105,4,15,5.2,0.6,12,18.7,9.9,17.2,14.3,62,76,48,62,6.1,1,9,9,279,11.4,0,2016
106,4,16,8.4,4.4,15.5,22.6,13.3,22.3,,57,69,43,58,10.6,4,7,4,116,7,0,2016
107,4,17,8.3,3.7,15.4,22.4,12.6,22.4,14.4,70,82,46,83,8.9,2,9,10,281,13.8,4.9,2016
108,4,18,9.1,8.8,11.8,14.4,40,11.5,11.2,81,89,76,78,0.4,9,10,9,304,9.5,4.5,2016
109,4,19,7.9,4,12.4,16.9,,16.1,49.2,49,68,34,44,9.1,1,4,9,348,13.5,0.1,2016
110,4,20,7.8,5.4,11.9,15.9,9,15.2,12,44,60,32,40,13.2,3,1,1,335,13.9,0,2016
111,4,21,3.3,-0.3,10.8,18.3,7.5,16.9,13.9,53,64,40,54,13.4,0,0,0,83,7,0,2016
112,4,22,5.3,1.7,13.1,20.9,11.2,19.1,15.2,52,66,39,50,12.7,2,6,6,353,8,0,2016
113,4,23,7.7,4.3,12.5,17.3,9.7,16.8,14.4,50,64,36,49,2.2,9,10,9,303,6.1,2.5,2016
114,4,24,3.6,3.1,9,14.4,5.1,9.3,7.4,52,70,41,46,3.2,10,10,10,307,18.4,2.5,2016
115,4,25,3.6,2.2,7.2,10.7,4.3,7.9,4.1,67,69,47,85,5.5,9,9,9,339,12.9,1.1,2016
116,4,26,0.7,-2.7,8.5,16.3,6.4,15.3,14.1,44,62,32,37,7.7,3,6,8,284,14.5,4.5,2016
117,4,27,4.5,4.4,9.3,14.1,4.7,5,5.5,78,89,80,65,0,10,10,9,286,11.4,4.5,2016
118,4,28,1,-2.7,6,11,6.8,9.7,7.5,58,61,52,62,10.4,1,9,1,186,12.3,0,2016
119,4,29,0.3,-3.2,7.9,15.4,4.9,15,11.5,55,82,36,46,13.8,0,1,0,96,6.5,0,2016
120,4,30,2.9,-1.2,11.2,19.4,8.3,19.3,15.5,44,62,30,41,13.6,2,1,7,156,9.5,0,2016
121,5,1,6.8,3,12.2,17.6,9.6,17.4,15.9,63,76,55,58,0.8,9,9,9,29,11.5,0,2016
122,5,2,10.8,10,15.1,19.4,12,18.1,14.6,68,72,59,73,3.8,9,9,9,342,11.9,0.4,2016
123,5,3,11,7.8,14,17,48,16,14.4,65,76,60,58,2.9,9,7,9,336,14.6,13.8,2016
124,5,4,8.1,8.4,11.3,14.4,40,9.7,40,84,90,80,81,0.3,10,9,10,288,17.7,13,2016
125,5,5,8.3,7.6,13.1,17.8,9.3,15.8,15,74,84,67,72,6.2,10,6,6,293,12.7,0.1,2016
126,5,6,8.7,5.7,15.8,22.8,13.3,22.1,18.3,56,78,36,53,13.7,2,3,2,84,7,0,2016
127,5,7,8.4,4,15.8,23.2,14,,19.5,46,60,39,40,13.1,1,5,2,69,8.7,0,2016
128,5,8,10.1,5.4,15.7,21.2,13.9,20.6,17.2,53,70,42,46,13.2,2,4,1,78,9.4,0,2016
129,5,9,8.7,4.5,15.4,22,14.3,21.7,19.6,54,70,44,49,12.4,0,4,3,93,11.6,0,2016
130,5,10,10.4,5.6,15,19.6,13.8,17.3,15.5,73,80,65,75,3.9,2,9,8,119,13.1,0,2016
131,5,11,12.1,9.8,16,19.8,13.4,18.6,17,74,85,66,72,3,9,9,9,123,9.6,1.8,2016
132,5,12,12.9,13.7,15,17,13.6,14.2,13.8,97,96,96,98,0,10,10,10,74,9.8,60.8,2016
133,5,13,11.3,10.8,14.3,17.2,12.3,15.9,14.1,82,87,73,86,0.9,9,9,10,280,17.7,53.5,2016
134,5,14,12.9,12.1,16.8,20.7,58,19.8,15.5,62,81,38,68,5.3,9,7,7,310,15.3,0.8,2016
135,5,15,9.5,8.5,12.5,15.5,9.9,13.6,11.3,47,60,40,41,5.7,9,6,2,312,14.2,0,2016
136,5,16,6.5,2.4,10,13.5,8.8,10.5,40,77,67,74,90,4.7,9,8,9,271,13.4,7.8,2016
137,5,17,7.1,4.5,11.5,15.9,9.2,13.6,12.1,58,74,42,59,3.2,9,9,8,260,11.9,0,2016
138,5,18,10.3,7,14.6,18.8,11.8,18,15.7,48,63,34,48,4.7,9,8,7,314,7.3,0,2016
139,5,19,8.3,5.4,14.8,21.2,13.1,,54,69,70,50,86,11,5,8,8,291,11.9,1.3,2016
140,5,20,11.5,10.7,16.1,20.7,13.7,18,15.7,70,78,64,68,9.8,8,8,4,273,16.8,0,2016
141,5,21,13.9,11.6,19,24.1,,23.1,,46,55,38,45,13.6,1,8,9,295,12.5,0,2016
142,5,22,11.3,7.8,19,26.6,17.8,26.3,23.1,50,64,40,46,14.5,2,5,1,153,14.6,0,2016
143,5,23,15,11.4,21,26.9,19.4,26.4,17.7,56,,,,13.6,1,7,8,276,19.7,27.5,2016
144,5,24,9.2,8.9,13.5,17.7,9.7,15.3,13.3,81,92,74,78,6.3,10,8,8,276,18.8,27.5,2016
145,5,25,12.4,11.4,16.7,21,13.1,20,18.2,73,84,65,70,7.6,9,2,1,289,20.6,0,2016
146,5,26,13.6,10,18.7,23.7,16.5,22.7,20.4,62,76,50,61,10.4,7,2,6,324,9,0,2016
147,5,27,13,10,19.7,26.3,18,25.2,22.5,67,78,59,65,9.5,4,9,7,167,9.1,0,2016
148,5,28,15.5,12.7,21.7,27.9,20.9,27.6,24.8,57,68,50,53,12.4,1,5,8,301,12.5,10.1,2016
149,5,29,16.5,14.2,22.2,27.9,19.9,26.6,25.9,62,82,51,54,13,3,9,5,164,12.4,10.1,2016
150,5,30,16.4,13.1,21.2,25.9,20.1,21.4,19.4,64,70,60,63,6.4,4,9,8,191,9.9,0.8,2016
151,5,31,16.3,14.1,19.7,23,,,18.4,72,68,81,68,9.1,8,8,6,282,13.6,1.3,2016
152,6,1,14.3,12.2,18.6,22.9,16.8,20.6,18.7,66,72,59,66,7.1,9,5,9,281,10.6,0.3,2016
153,6,2,13.5,11.4,18.1,22.7,17.7,19.5,18.2,73,73,70,77,5,3,8,8,60,8.8,0.6,2016
154,6,3,15.2,15.1,19.5,23.7,17.4,21.7,20.8,68,82,57,64,6.6,9,4,7,252,8,0.6,2016
155,6,4,14.7,11.8,19.9,25.1,19.5,24.4,21.1,62,75,50,62,9.9,8,8,9,328,13.3,0,2016
156,6,5,16.9,14.3,20.9,24.9,18.4,23.9,18.4,69,78,56,74,6.6,9,5,9,37,14.2,6.6,2016
157,6,6,13.6,11.1,19.4,25.1,19.9,24.8,21.5,60,72,54,53,14.3,1,3,3,42,9.3,6.5,2016
158,6,7,14.9,11.8,19.1,23.3,17.7,22.1,19.7,41,54,32,38,15.1,0,1,3,44,8,0,2016
159,6,8,10.9,7.4,18.2,25.5,16.7,24.5,21.9,42,55,30,40,14.8,3,2,5,97,6.6,0,2016
160,6,9,15.5,11.7,19.9,24.2,80.8,23.7,19.4,60,62,55,64,11.8,7,9,10,272,10.6,1.2,2016
161,6,10,15.4,14.7,20.2,25,17.9,24.4,22.2,53,76,40,44,10.5,9,4,2,289,12.1,1.2,2016
162,6,11,14.2,11.5,19.3,24.3,17.9,,19,60,69,53,57,4.7,9,9,10,63,8,4.9,2016
163,6,12,14.4,14,18.4,22.3,15,19.6,19.6,76,91,68,69,4.6,10,9,7,282,5.3,4.9,2016
164,6,13,15.3,12.9,19.3,23.3,17.6,22.9,20.9,62,74,51,60,5.1,9,8,7,273,12.6,0.3,2016
165,6,14,15.6,13.3,19.7,23.7,18.7,21.7,21.5,59,72,55,50,10,5,8,5,246,10.4,2.9,2016
166,6,15,14.4,12.9,18,21.5,58.8,,18.7,79,92,80,66,4.9,10,9,1,284,12.6,2.7,2016
167,6,16,13.9,10.5,20.2,26.5,16.1,25.9,24.8,67,87,53,60,8.6,9,8,8,208,17.2,0,2016
168,6,17,17.4,16.8,21.1,24.8,17.4,,20.5,56,,,,7.7,9,7,10,267,23.2,0.3,2016
169,6,18,13.8,9.7,19.4,24.9,,23.2,19.9,58,66,44,65,7.6,7,7,6,221,8.8,0.7,2016
170,6,19,14.9,11.5,20,25.1,15.2,24.8,20.4,65,85,47,64,6.5,9,6,9,302,15.5,9.2,2016
171,6,20,15.4,14.3,17.9,20.4,15.7,16.8,16.6,89,90,90,88,0.5,10,10,6,307,10.8,11.5,2016
172,6,21,12.9,10.3,20.1,27.2,17.1,25.9,23.7,63,84,46,58,12.9,7,4,5,331,5.5,0,2016
173,6,22,15.8,12.5,22.1,28.4,22.2,27.1,,59,68,52,56,11.4,6,2,1,106,5.4,0,2016
174,6,23,17.9,14.4,24.6,31.3,24,30.5,27.8,50,62,42,46,15.2,1,1,0,61,6.5,0,2016
175,6,24,19.4,15.8,26.2,32.9,99.2,32.3,,56,,,,14.6,0,1,0,137,12.7,0,2016
176,6,25,21.9,18.5,27.3,32.6,26.4,32.1,29.9,56,,,,14,0,2,4,273,17.2,28.1,2016
177,6,26,18.1,17.4,24.1,30,18.8,23.2,21.9,72,,,,4.5,9,8,9,262,16.7,28.1,2016
178,6,27,15.6,15.4,18.8,21.9,16.4,18.3,18.4,79,88,77,71,1.4,10,9,9,299,14.2,5,2016
179,6,28,14.2,10.8,20.3,26.4,18.8,25.3,23,53,60,44,56,14.3,1,4,1,308,10.9,0,2016
180,6,29,14.7,11.1,22.5,30.3,21.3,29.4,26.2,51,65,36,53,15,1,1,1,274,10.7,0,2016
181,6,30,19.1,15.9,24.7,30.3,24,29.8,24.1,63,65,52,71,10.3,2,6,9,152,12.1,3.4,2016
182,7,1,17.6,15.9,23.8,30,21,28.6,26.4,57,75,44,52,11.3,8,2,1,272,6.4,3.4,2016
183,7,2,17.6,14.8,24.5,31.4,24.1,29.6,23.3,59,66,48,64,9.1,1,6,9,291,12.9,14.2,2016
184,7,3,15.4,14.6,19.4,23.3,15.6,18.9,19.1,72,80,71,64,3.8,10,9,2,325,14,14.2,2016
185,7,4,14.1,11.2,19.6,25.1,,24,22.9,51,56,47,51,13.4,1,4,7,303,7.7,0,2016
186,7,5,15.5,12.6,22.5,29.5,19.7,28.5,,49,63,41,42,13.5,7,5,8,282,8,0,2016
187,7,6,19.5,17,23.2,26.8,21.9,24.5,21.3,43,,,,10.3,1,6,1,282,16.8,0,2016
188,7,7,15,12.3,19.9,24.7,18.5,24,22.2,45,50,40,46,13.6,1,5,3,336,9.9,0,2016
189,7,8,13.3,10,21,28.6,19.2,27,25,56,64,46,57,11.8,3,7,9,116,6.6,0.4,2016
190,7,9,19.3,16.9,23,26.6,19.3,25.2,,62,,,,5.3,9,6,9,271,12.6,0.4,2016
191,7,10,16.8,13.7,23.7,30.6,21.1,29.5,27.8,50,62,40,47,13.1,6,1,1,125,7.8,0,2016
192,7,11,19.5,16.1,26.6,33.7,25.5,,29.2,54,,,,11.5,2,8,7,291,16.6,2.3,2016
193,7,12,20,18.4,24.7,29.4,21.7,28.7,20.6,76,,,,6.2,10,7,9,297,15,18.9,2016
194,7,13,18.1,16.5,20.7,23.3,18.4,21,18.6,87,92,80,89,1.8,9,9,7,279,15.6,15.4,2016
195,7,14,12.5,12.1,15.6,18.6,13.3,16.6,15.9,79,88,71,77,2.7,7,9,9,271,22.8,14.4,2016
196,7,15,12.5,10.7,16.8,21,,20.8,18.3,60,65,56,59,9,6,9,8,338,14.8,0,2016
197,7,16,14.8,13.3,16.9,18.9,15.1,18.2,17.3,62,71,56,60,0,10,10,10,324,13.6,3.2,2016
198,7,17,13.6,12.7,18.1,22.6,15.7,88.8,20.2,72,76,64,77,5.5,9,8,8,306,15.4,3.2,2016
199,7,18,18.4,15.9,23.2,27.9,21.3,27,,58,72,56,47,12.2,7,4,2,281,13.2,0.1,2016
200,7,19,16.2,12.7,22.6,28.9,19.6,27.9,99.2,56,72,43,52,9,6,5,3,337,8.3,0,2016
201,7,20,17,14.1,22.4,27.7,20.8,26.3,24.8,54,,,,14.1,3,4,3,17,6.8,0,2016
202,7,21,16.3,13.1,23.5,30.7,21.3,30,25.7,57,68,42,60,9.9,1,9,6,330,10.1,0.6,2016
203,7,22,18.8,17.7,24,29.1,21.1,26.7,26.4,64,82,56,55,5.8,10,7,3,250,12.8,6.2,2016
204,7,23,19.6,19.1,24.9,30.1,21.7,29.2,27,65,,,,11.1,9,6,4,125,5.9,6.2,2016
205,7,24,19.7,18.6,24.4,29.1,88.8,27.6,26.9,67,,,,10.8,3,5,9,292,13.1,4.5,2016
206,7,25,20.2,17.5,24.6,29,23.7,28,24.8,63,,,,10.6,1,8,9,284,13,0,2016
207,7,26,21.3,19.1,25.5,29.6,23.9,28.7,24.6,63,,,,10.1,3,4,7,280,11.7,0,2016
208,7,27,20.7,18,24.9,29,23.6,27.3,26,65,,,,9,5,8,9,354,8.9,6.6,2016
209,7,28,18.4,17.4,22.7,27,19.7,26.2,23.2,71,85,60,68,4.8,10,8,9,293,9.8,6.6,2016
210,7,29,19.3,15.5,24.2,29,22.3,28.4,25.4,56,69,45,54,13.2,8,3,1,244,12.8,0,2016
211,7,30,17.9,14.3,25,32,22.2,31.6,28.6,52,71,34,50,14.4,1,1,2,260,9.6,0,2016
212,7,31,19.3,16.6,26,32.6,22.6,31.4,19.4,67,,,,10,8,9,9,318,18.9,12.3,2016
213,8,1,18.3,16.8,21.3,24.3,19.6,23.9,22,58,,,,8.7,7,9,9,302,15.8,8.1,2016
214,8,10,13.4,13.2,15.5,17.5,13.6,14.2,15.1,89,92,89,86,0,10,10,9,281,13.3,6.2,2016
215,8,11,11.5,9.3,15.9,20.2,12.9,19,15,60,72,45,63,8.3,9,8,3,307,12.3,0.1,2016
216,8,12,10.3,7.3,14.8,19.2,13.6,18.6,16.3,71,76,62,76,1.9,8,8,9,270,13.4,0,2016
217,8,13,15.6,14.7,20.4,25.1,17.5,23.9,21.9,71,85,59,69,2.8,10,8,2,282,6.8,0.2,2016
218,8,14,14.7,11.6,22.3,29.9,18,29.5,24.5,62,83,40,63,12.5,1,7,3,329,7.5,0,2016
219,8,15,17.6,15.3,21.7,25.7,19.4,23.9,86,62,73,49,64,9.5,5,9,7,343,7.2,0,2016
220,8,16,15.3,13.1,20.3,25.3,17.3,24.5,21,69,76,54,76,8.4,7,7,9,331,6.3,7,2016
221,8,17,15.5,14.4,19.7,23.8,17.2,22.2,19.6,56,70,44,55,10.7,4,5,1,1,8.8,5.8,2016
222,8,18,12.1,8.8,19.3,26.4,16.5,25,21.6,60,70,45,66,9.6,4,5,7,181,8.4,0,2016
223,8,19,15.2,12.4,21,26.8,18.3,25.5,22.6,65,76,55,64,6,9,8,1,108,8,0,2016
224,8,2,14.7,11.4,20.7,26.7,18.4,25.5,23.1,52,70,36,49,11.1,1,3,9,318,10.4,0.1,2016
225,8,20,15.5,11.8,22.3,29,18,28,25.1,69,89,51,66,10,7,3,6,148,8.5,9.1,2016
226,8,21,16,18.6,20.6,25.1,,19.9,18,82,94,76,76,1.1,10,10,10,288,15.9,16.8,2016
227,8,22,15.6,14.4,18.9,22.2,16.3,21,19.8,64,71,58,63,3.5,10,9,8,291,13.9,4.9,2016
228,8,23,16,13,21.3,26.6,18,25.8,23.5,54,66,41,56,11.5,0,2,8,298,10.9,0,2016
229,8,24,16.3,12.6,21.4,26.5,19.3,26.1,21.8,63,78,49,61,12.8,1,4,1,3,8.9,0,2016
230,8,25,13.9,10.5,20.5,27.1,17.5,26.3,22.9,60,78,47,54,13.2,0,1,0,123,6.6,0,2016
231,8,26,15.1,11.5,21.5,27.9,18.5,27.5,93.2,55,72,41,51,13.2,0,0,0,114,11.7,0,2016
232,8,27,14.5,10.7,22.3,30,17.1,29.6,25.7,59,80,44,54,13.1,0,0,0,149,10.3,0,2016
233,8,28,17,12.9,24.3,31.5,19.8,31.3,25.9,59,81,45,52,12.6,0,1,1,160,8.6,0,2016
234,8,29,18.6,16,23,27.4,20.1,27.1,22.5,66,76,51,71,2.6,9,6,9,297,12.8,0.2,2016
235,8,3,17.8,16.6,23.2,28.5,18.7,,25.6,61,81,46,55,8.7,9,8,5,261,10.3,0.1,2016
236,8,30,18.8,16.5,22.4,26,19.7,25,21.3,55,,,,,,,,,,0,2016
237,8,31,13.1,9.4,19.4,25.6,15.8,24.8,21.1,49,60,40,48,,,,,,,0,2016
238,8,4,17.8,15.2,24.6,31.3,,30.7,28.3,58,80,50,45,11.5,4,8,1,167,12.2,0,2016
239,8,5,17.2,18.2,22.8,28.4,21.2,20.7,17.3,78,66,75,92,1.1,6,10,10,284,13.8,12,2016
240,8,6,15.5,14.4,19.7,23.9,16.5,21.8,20,72,82,64,69,8.4,9,6,4,279,13.9,1,2016
241,8,7,16.5,12.8,21.4,26.2,18.9,24.9,23,56,69,43,56,13.6,1,4,2,289,10.2,0,2016
242,8,8,15,11.8,22,28.9,19.2,28.4,24.4,52,71,36,48,14,1,1,0,127,8.1,0,2016
243,8,9,15.4,12.1,21.7,28,19.2,24,17.3,72,75,55,86,7.8,4,9,10,316,16.3,7,2016
244,9,1,12.8,9.3,20.3,27.8,15.8,,21.9,57,76,35,60,12.7,0,1,1,301,7.3,0,2016
245,9,2,18.4,14.5,23,27.5,21.6,26.9,20.4,61,67,47,68,7.3,4,8,3,288,13.5,0.4,2016
246,9,3,14.7,11.3,21.8,28.9,17.1,28.7,22.7,60,83,39,58,11.3,6,9,9,284,7.5,0,2016
247,9,4,16.6,13.2,23.6,30.5,18.2,30,24.8,55,84,29,53,9.4,9,5,10,272,14.1,2.1,2016
248,9,5,15.5,14.4,20.2,24.8,15.7,16.1,,81,85,82,76,3.5,10,9,8,294,16,10.8,2016
249,9,6,13.4,12.8,15.4,17.4,13.7,16.2,16.5,88,89,88,87,0,10,10,9,304,15.7,8.8,2016
250,9,7,13.8,11.3,19.8,25.8,15.5,24.7,82,77,92,58,80,10.3,9,0,2,55,5.4,0,2016
251,9,8,14.7,12.2,21.3,27.8,16.9,27,22.6,69,91,49,66,11.9,0,1,1,175,8.7,0,2016
252,9,9,14.8,12.1,22,29.1,17.5,28.4,22.6,66,85,44,70,12.1,0,1,5,65,5.1,0,2016
253,9,10,15.6,12.5,22.4,29.1,17.8,,22.3,66,87,46,65,12,2,2,3,86,6.9,0,2016
254,9,11,16.1,13.7,23.3,30.5,18.3,29.5,23.8,62,83,40,64,11.6,6,4,5,128,5.8,0,2016
255,9,12,16.3,13.2,23.3,30.3,18.7,29.9,,63,84,42,62,11.8,2,1,0,114,7.5,0,2016
256,9,13,16.6,13.2,23.1,29.6,18.5,29.2,22.4,63,82,44,64,11.7,0,2,0,98,5.6,0,2016
257,9,14,17,13.6,22.5,28,18.9,27.8,21.5,62,83,45,58,11.6,0,1,1,53,6.3,0,2016
258,9,15,15.5,11.7,21.8,28.1,17.4,27.9,23.8,62,83,45,59,11.5,0,1,1,118,12.5,0,2016
259,9,16,16.3,13.4,22,27.7,17.5,27.2,22.3,71,91,54,67,8.5,7,4,10,278,10.3,0,2016
260,9,17,16.1,14.1,19.4,22.7,18.6,76.4,16.1,73,84,66,68,2.2,10,9,7,269,20.6,0.5,2016
261,9,18,15.2,13.6,18.8,22.4,16.3,21.2,18.8,64,70,54,69,2,10,8,9,268,7.7,0,2016
262,9,19,14.5,11.9,17.9,21.2,15.3,20.9,16.9,74,87,63,71,3.1,5,8,10,331,12.2,0.1,2016
263,9,20,13,11.7,15.7,18.4,13.1,67.2,14.1,57,68,49,54,4.4,8,9,9,335,11.8,0,2016
264,9,21,11.2,7.5,14.8,18.4,12.2,17.6,15,60,65,52,62,3.8,10,5,7,296,7.5,0.6,2016
265,9,22,11.3,9,15,18.6,11.8,17.3,12.1,63,82,41,65,9.1,5,4,5,322,8.1,0.6,2016
266,9,23,6.7,2.9,14.3,21.9,8.7,21.3,15.7,63,86,39,63,10.6,5,6,6,272,7.4,0,2016
267,9,24,9.7,6.1,16.1,22.4,11.4,88,15.2,64,86,40,66,11,1,6,0,311,5.2,0,2016
268,9,25,8.9,5,15.8,22.6,10.8,22,15.5,66,86,45,68,11,4,2,4,119,6.5,0,2016
269,9,26,10.4,7.3,16.1,21.7,11.6,20.9,14.6,70,84,50,77,7,9,3,3,68,4.7,0,2016
270,9,27,9.2,5.3,15.3,21.4,10.5,21.1,14.7,71,92,51,71,10.8,1,1,0,114,4.9,0,2016
271,9,28,9.6,5.9,16.6,23.6,10.8,23.3,18.8,67,92,44,65,8.5,6,9,5,298,12.1,0,2016
272,9,29,17.2,14.8,22.4,27.6,17.8,26.9,18.2,52,67,29,61,10,8,5,0,257,12.7,0,2016
273,9,30,11.8,8.1,19.6,27.4,13.7,27.1,20.2,59,85,34,59,9.5,7,3,7,152,7.4,0,2016
274,10,1,12.1,8.4,18,23.8,13.4,23.4,18.7,70,90,52,67,10,4,8,8,100,7.8,0,2016
275,10,2,13.2,10,16,18.7,14.1,17.4,15.6,83,88,75,85,0,9,10,10,296,13.1,3.1,2016
276,10,3,11.4,11.2,13.7,15.9,,13.3,11.4,86,84,84,91,3.1,8,9,8,291,13.5,13.4,2016
277,10,4,10.2,9.6,11.2,12.1,10.3,47.6,11.4,81,92,91,60,0,10,10,7,290,16.9,15.5,2016
278,10,5,5.7,4,8.6,11.5,,11.2,7.8,66,67,54,77,6.6,1,9,9,304,15.7,16.4,2016
279,10,6,6.5,5.9,7.8,9,7.1,8.6,8.2,89,88,88,91,0,9,10,10,285,13.7,14.4,2016
280,10,7,5,5.4,7.9,10.8,5.7,9.6,5,83,86,72,90,6.7,9,6,0,7,6.5,1.1,2016
281,10,8,2.7,-0.7,7.5,12.3,4.4,11.3,8.7,82,98,70,78,2.4,7,8,9,343,7.2,0,2016
282,10,9,7.4,3,10.5,13.6,8.4,13,,77,83,60,87,4.2,9,5,5,291,8.7,0,2016
283,10,10,7.3,4.2,9.5,11.6,7.9,44.8,9.7,77,83,72,76,0.3,9,9,10,337,8.4,0.4,2016
284,10,11,6.5,5.3,8.1,9.7,6.8,8.8,6.9,79,84,73,80,0.1,10,10,10,341,9,1.4,2016
285,10,12,6.1,5.8,7.5,8.8,6.9,8.6,8,86,92,82,83,0,10,9,9,303,11.7,0.9,2016
286,10,13,7.9,7.3,9.4,10.8,8,10.3,9.8,80,85,76,80,0.1,9,9,10,110,9.1,0,2016
287,10,14,7.9,7.1,11.3,14.7,8,14.1,12.4,72,84,62,70,4.3,9,8,9,161,15.9,0,2016
288,10,15,8.6,7.8,12.6,16.6,9.1,16.5,12,77,81,64,87,6.3,9,1,9,170,12.5,0,2016
289,10,16,10.2,7.6,14.6,19,11.1,18.2,13.4,76,90,57,80,4.7,6,8,0,15,6.7,0,2016
290,10,17,6.1,2.2,9.8,13.4,6.8,9.5,11.4,91,88,93,92,0,9,10,10,129,7.6,0.1,2016
291,10,18,7.8,8,9.8,11.8,8.6,8.4,8.4,93,89,95,94,0,10,10,10,112,9.4,8.1,2016
292,10,19,8.3,8.2,9.9,11.4,8.7,11.2,42,93,92,91,97,0,10,10,10,179,5.3,18.5,2016
293,10,20,7.3,7.9,8.9,10.5,8.3,9.1,7.3,95,97,91,96,0.2,10,10,8,301,5.5,14.9,2016
294,10,21,5.3,3.2,7.8,10.2,5.4,10.1,6.4,91,98,79,96,1.3,10,9,4,282,6.9,0,2016
295,10,22,3.4,-0.6,8.2,12.9,4.9,12.3,7.1,81,94,59,91,9.4,1,1,0,276,6.8,0,2016
296,10,23,2.9,-0.7,6.9,10.9,5.7,9.1,9.5,90,96,84,90,1.5,10,9,7,149,7.2,0,2016
297,10,24,7.9,7.4,10.8,13.6,8,11.1,10.6,92,93,88,96,0.4,10,10,5,125,5.2,0,2016
298,10,25,9,5.4,13.2,17.4,11.9,69.2,14,87,97,72,91,0.8,10,10,9,276,10.8,1.3,2016
299,10,26,10.4,10.8,12.4,14.4,11.4,14,10.4,80,86,73,81,0.3,9,8,9,310,7.8,1.2,2016
300,10,27,7.8,6.3,10.3,12.8,7.8,12.2,9.2,75,80,74,71,1.2,8,10,5,344,9.4,0,2016
301,10,28,5.3,1.2,10.1,14.8,6.5,,11.9,79,96,68,72,7.5,6,8,4,289,9.8,1.3,2016
302,10,29,10.2,9.4,11.6,12.9,10.3,12.5,10.9,77,94,69,67,0.6,10,9,8,311,13,1.3,2016
303,10,30,8.7,6.8,10.4,12.1,9.1,11.4,9.3,64,62,63,68,1.9,8,10,1,298,13.4,0,2016
304,10,31,4.6,0.6,8.6,12.5,4.7,12,6.2,71,85,52,77,9.5,4,1,0,304,8.7,0,2016
305,11,1,4.6,0.6,9.9,15.1,8.4,14.8,8.5,65,78,42,76,6.5,9,9,0,148,5.9,0,2016
306,11,2,6.2,2.7,9.1,12,,7.6,7,82,73,89,83,0,10,10,5,272,14.2,4,2016
307,11,3,3.6,3.2,6.4,9.1,4.5,8.6,3.7,68,85,48,72,4.5,9,5,5,29,13.2,1,2016
308,11,4,-1.3,-5,2.2,5.6,-0.9,5,5.5,85,92,86,76,1.9,4,9,3,167,6.8,0,2016
309,11,5,2.4,-0.3,5,7.6,2.9,6.4,7.5,86,90,82,87,0,10,9,10,144,7.7,1.5,2016
310,11,6,5.5,2.9,7.1,8.7,7.8,7.5,5.5,92,94,91,90,0,10,10,10,324,10.9,10.8,2016
311,11,7,2.6,0.3,5,7.4,3.4,7,4.3,79,89,69,80,1,8,10,4,271,11.1,2.5,2016
312,11,8,-0.4,-4.7,2.3,5,0.3,4.7,2.4,83,96,74,80,0.8,9,9,3,285,7.1,0,2016
313,11,9,-1.4,-5.6,3,7.3,0.4,6.4,0.6,76,90,54,84,7.8,1,1,5,272,9.6,1.2,2016
314,11,10,-0.4,-3.3,4.8,10,1.5,9.6,6.4,78,95,64,75,3.2,10,5,9,231,16.4,1.2,2016
315,11,11,1.3,-1.4,3.9,6.5,1.7,,5,90,95,88,88,0.4,2,10,10,353,6.5,9.4,2016
316,11,12,1.1,0.4,3.2,5.2,1.4,2.8,2.1,82,91,80,74,0.1,10,9,10,341,12.1,9.4,2016
317,11,13,0.1,-1.6,2,3.9,0.8,3.4,1.3,61,72,50,61,7.4,10,5,5,289,11.9,0.1,2016
318,11,14,-0.7,-3.1,1.7,4.1,-0.2,4,-0.4,79,80,68,89,4,1,8,0,336,7.4,0.1,2016
319,11,15,-4.5,-8.3,-0.8,2.9,-4.2,2.2,,84,94,75,82,5.9,1,9,9,195,5.2,7.2,2016
320,11,16,1.2,0.2,2.3,3.3,1.8,3.2,3.1,96,97,96,96,0,10,10,10,172,5.6,11.5,2016
321,11,17,3,3,4.1,5.2,3.2,4.7,5.1,94,97,94,92,0,10,10,9,182,7.7,5.4,2016
322,11,18,2.8,3.1,4.3,5.7,3.1,5.1,3.1,96,97,92,98,1.2,10,9,0,140,8.1,0.1,2016
323,11,19,2.7,-0.3,8.7,14.7,4.9,14.4,9.6,83,96,75,77,0.1,10,10,10,290,19.9,0.4,2016
324,11,20,6.7,5.7,10.4,14.1,7.5,13.8,12.1,75,79,69,76,3.8,9,8,5,179,10.2,0,2016
325,11,21,8.4,4.6,11.9,15.4,9.5,15.2,12.3,80,92,71,78,8.2,5,1,1,170,16.1,0,2016
326,11,22,9,5.8,13.4,17.7,9.5,17.4,11.1,79,91,65,82,8.2,1,4,3,170,12,0,2016
327,11,23,6.6,2.5,9,11.3,,9.2,9.4,85,89,82,83,0,10,10,10,127,7.9,0,2016
328,11,24,5.7,6.1,7.6,9.4,6.3,6.2,6.2,95,93,95,97,0,10,10,10,119,5.7,1.2,2016
329,11,25,6.2,6.2,6.7,7.2,,7.1,7.2,97,98,96,98,0,10,10,10,87,4.7,1.1,2016
330,11,26,6.3,6.2,8.1,9.9,6.8,9.6,8.3,88,94,80,90,3.2,10,9,10,290,10.9,0.1,2016
331,11,27,5.1,7.1,7.6,10.1,7.9,8,,71,77,73,63,2.7,10,10,1,316,14.9,0.2,2016
332,11,28,0.6,-0.3,3,5.3,1.2,3,0.6,65,69,62,64,4.7,2,4,2,304,12.8,0,2016
333,11,29,-1.9,-4.1,0.5,2.9,-1.8,2.4,-0.1,66,77,56,64,7.6,0,1,1,297,10.3,0,2016
334,11,30,-2.9,-7.2,0.7,4.3,-2.5,4,3.9,57,70,47,53,3.2,4,10,10,279,16.9,5,2016
335,12,1,0.8,0.1,3,5.2,1.5,5.1,5.1,73,92,62,64,0,10,10,9,278,24.5,5,2016
336,12,2,3.2,4.2,4.7,6.2,5.6,5.7,3.2,66,72,60,65,1.8,7,3,0,272,30.5,4.6,2016
337,12,3,-1.2,-5.2,1.6,4.3,-0.9,4,-1.1,74,82,58,82,7.2,1,1,1,293,8.4,0,2016
338,12,4,-4.8,-9,-2,0.8,-4.6,0.6,-2.5,89,94,80,93,3.5,4,7,0,58,3.8,0,2016
339,12,5,-3.6,-7.1,-1.9,-0.1,-3.4,-0.3,-3,89,92,84,92,0.8,5,9,4,122,6.1,0,2016
340,12,6,-3.1,-7.1,-1.1,0.9,-1.8,0.7,-0.8,83,91,75,82,3.2,9,5,0,291,9.6,0,2016
341,12,7,-2.2,-5.4,0.8,3.8,-1.7,3.4,0.1,82,91,70,86,5.9,5,9,4,147,6.9,0,2016
342,12,8,-2.2,-5.4,-1,0.2,-1.4,,-1.1,92,94,89,94,0,10,10,10,228,5.5,0,2016
343,12,9,-2.8,-3.5,4.3,11.4,-2.7,9.9,8.1,67,100,39,62,3.3,10,10,6,289,20.5,0,2016
344,12,10,6.6,2.2,10.2,13.7,8.7,12.7,10.5,59,66,50,61,7.5,3,9,1,267,12.9,0,2016
345,12,11,6.9,1.3,8.8,10.7,,,7.1,63,49,66,73,2,1,9,3,275,24.7,0.5,2016
346,12,12,4.4,3.4,6.1,7.7,5.7,7,4.4,79,79,81,76,1.4,7,6,8,306,19.1,3.2,2016
347,12,13,-3.9,-7.2,0.3,4.4,-3.8,1.5,-0.8,66,78,48,72,7.1,3,2,9,117,5.3,0.1,2016
348,12,14,-1.8,-3.2,0,1.8,-0.9,0.7,1.5,87,80,88,93,0,10,9,10,338,7.3,0.4,2016
349,12,15,1.1,-0.9,3.2,5.3,2,3.6,2.6,72,76,72,67,1.8,1,9,10,4,8.1,0,2016
350,12,16,-0.8,-3.4,1.3,3.4,-0.5,3.1,-0.8,83,91,69,90,4.4,10,2,1,138,8.4,0,2016
351,12,17,-3.6,-7.3,-2,-0.4,-2.6,-0.7,-1.6,91,94,87,92,0.1,10,9,9,301,9.9,0,2016
352,12,18,-2,-5.4,-0.1,1.9,-0.1,1.8,0.9,89,88,84,94,0,9,10,10,290,8.6,1.3,2016
353,12,19,-0.6,-0.5,0.2,0.9,-0.5,0.5,-0.3,95,96,94,94,0,10,10,10,140,12,0.8,2016
354,12,20,-3.4,-2.2,-1.9,-0.3,-2.6,-2.8,-3.3,98,98,98,97,0,10,10,10,128,11.7,1.3,2016
355,12,21,-3.9,-3.6,-3.5,-3,-3.7,-3.1,-3.2,96,96,97,96,0,10,10,10,133,12.6,0.9,2016
356,12,22,-3.9,-3.6,-3.3,-2.7,-3.7,-3.2,-2.8,93,95,92,92,0,10,10,10,175,7.5,0,2016
357,12,23,-3,-2.7,-0.6,1.9,-2.6,1.7,0.6,93,95,91,93,0,10,9,10,47,4.4,0,2016
358,12,24,-0.2,-0.1,3.2,6.6,-0.2,4.1,6.6,88,96,82,86,0.9,10,9,10,283,14.9,1.8,2016
359,12,25,5.6,2.7,7.1,8.6,6.2,7.9,8.6,75,79,73,72,0,10,10,7,282,19.9,0.7,2016
360,12,26,8.5,6.9,10.4,12.2,9.9,46.8,10.5,75,76,74,76,1.1,6,9,8,338,15.5,1.1,2016
361,12,27,3.8,2.2,7.2,10.5,4.1,5.8,5.1,66,67,60,71,1.9,1,5,10,276,24.1,12.8,2016
362,12,28,2.9,2.3,4.6,6.3,3.5,5.3,3,76,90,71,68,0,10,6,1,296,15.6,12.5,2016
363,12,29,-1.1,-3.5,1,3.1,-0.3,3,-0.2,72,76,62,77,8,0,3,0,328,12.1,0,2016
364,12,30,-5.3,-8.9,-1.4,2.5,-5.1,,-1.9,76,93,64,71,8.1,0,0,0,223,3.7,0,2016
365,12,31,-6.1,-9.7,-1,4.1,,3.6,-1.1,79,94,57,85,8.1,0,0,0,61,3.5,0,2016
